l,HT,COBYLA,L-BFGS-B,SLSQP,NELDER-MEAD
0.5,3.29894,3.30975,3.30869,3.30974,3.31255
1.0,3.52625,3.54839,3.54748,3.54776,3.55292
2.0,3.89548,3.93452,3.93348,3.93946,3.95003