l,HT,COBYLA,L-BFGS-B,SLSQP
0.5,3.29894363,3.309753,3.309750,3.309749
1.0,3.52625444,3.733055,3.750000,3.750000
2.0,4.26794919,4.418775,4.419023,4.499997
